{
  "id": "mmp-viking-storehouse-walled-forge",
  "title": "Viking Village - Storehouse | Map Pack (Walled)",
  "version": "1.0.0",
  "type": "module",

  "compatibility": {
    "minimum": "13",
    "verified": "13"
  },

  "authors": [
    {
      "name": "MmpApps Corp.",
      "email": "mmpapps@gmail.com",
      "url": "https://mmpapps.com"
    }
  ],

  "description": "<p>TODO</p>",
  "url": "https://forge-vtt.com/bazaar/package/mmp-viking-storehouse-walled-forge",

  "manifest": "https://github.com/mmpAppsCorp/ForgeManifests/raw/main/mmp-viking-storehouse-walled-forge/module.json",
  "download": "https://github.com/mmpAppsCorp/ForgeManifests/raw/main/mmp-viking-storehouse-walled-forge/mmp-viking-storehouse-walled-forge.zip",

  "systems": [],
  "esmodules": [],
  "styles": [],
  "packs": [
    {
      "name": "mmp-vik-storehouse-forge-scenes",
      "label": "Viking Village - Storehouse",
      "path": "packs/mmp-vik-storehouse-forge-scenes",
      "type": "Scene",
      "ownership": {
        "PLAYER": "OBSERVER",
        "ASSISTANT": "OWNER"
      }
    }
  ]
}
